country	maturity	revenue_before	revenue_after_scenario_1	revenue_after_scenario_2	revenue_after_scenario_3
Belgium	existing	45175.26	40869.26	52813.55	48735.0
Spain	new	112961.18	101528.55	137662.69	132410.04
Italy	new	175859.71	204437.24	175892.62	202953.43
Belgium	new	149122.73	134183.39	171483.63	135934.31
Germany	new	163246.62	148355.25	184256.2	148505.42
Switzerland	new	135168.84	149193.86	166681.04	129393.04
Italy	existing	141532.55	138687.17	178675.62	140744.2
Italy	new	171347.17	190312.6	155045.66	173640.18
Belgium	existing	57436.92	47451.31	67178.68	64437.27
France	existing	102990.74	102478.72	94827.11	89877.15
Germany	new	52029.79	42323.4	58249.61	44946.93
Belgium	new	197656.92	163079.07	200632.27	198993.92
Germany	existing	189371.27	220158.3	193672.01	213774.69
Germany	new	17491.09	14967.09	18211.43	16220.78
Switzerland	new	144059.28	145927.48	165454.53	159416.26
Italy	existing	185797.18	179189.91	192043.68	177237.74
Spain	existing	44309.32	41603.67	52864.55	53367.67
Switzerland	new	117909.59	136767.26	125197.69	142467.33
Switzerland	existing	183942.78	148759.93	170577.73	178224.9
Germany	new	16449.74	17527.46	19961.82	15495.61
Netherlands	new	142509.85	168925.16	144548.22	144579.32
Italy	new	66496.31	68096.69	71357.64	62919.65
France	existing	185635.28	218071.14	217968.78	207717.25
Switzerland	existing	194501.07	159666.54	200916.19	229594.1
Spain	existing	189410.63	183258.07	174756.74	211995.36
Netherlands	existing	100100.7	90497.35	105062.53	118092.82
Netherlands	existing	173788.1	189833.67	222062.86	175316.89
France	new	170464.39	203282.0	197175.1	155553.32
Switzerland	new	70629.09	63750.67	82536.57	80883.05
Spain	new	167493.94	177823.26	193105.92	166520.77
Italy	new	17031.45	14974.72	16683.95	19049.82
UK	existing	123291.28	126513.14	131592.92	118144.8
Spain	new	53701.68	52926.93	64462.2	47391.3
France	existing	32907.71	39120.76	30951.32	41036.99
Netherlands	new	24621.11	25689.93	24895.42	22466.29
Italy	existing	142294.87	133729.08	143792.9	177209.53
Spain	existing	74576.24	63064.53	80005.95	92542.55
UK	new	147705.69	127100.56	190857.54	172450.42
UK	new	22417.7	19954.59	20781.23	24968.14
Germany	new	69905.16	62941.67	77418.59	75576.06
Germany	new	112503.35	128281.54	109324.67	134603.58
Belgium	existing	160237.4	164161.47	206429.13	154753.4
France	new	70562.98	71223.19	66704.7	73178.93
Switzerland	new	128919.36	109053.86	136840.22	141522.0
Spain	existing	178335.77	204026.09	213138.71	180917.39
Spain	new	127014.01	138334.23	150107.92	129680.62
Switzerland	new	54262.3	44878.58	58011.36	53291.76
Belgium	new	14636.15	15852.91	15201.25	15744.0
Netherlands	new	175318.79	178372.02	185670.48	208669.65
Netherlands	new	14041.19	11691.96	14121.37	13066.89
Belgium	existing	176193.32	173254.46	173045.3	215620.67
Netherlands	new	110498.06	109821.65	120798.23	124380.49
Germany	new	188422.86	163232.57	189819.73	222208.83
Spain	new	161768.81	190608.83	164192.86	173493.21
Belgium	new	199607.48	227550.56	232084.1	231905.3
Spain	new	76635.24	81816.47	98661.35	65636.56
Switzerland	existing	155765.77	153416.55	177799.6	183391.17
UK	new	86366.87	83318.66	80389.57	74798.51
Germany	existing	101176.37	107286.35	94117.64	122015.2
Italy	existing	129226.04	131574.43	165482.9	161117.1
Germany	new	175998.65	145182.91	179327.9	170301.04
Belgium	new	196975.86	197960.95	184532.26	184000.55
Italy	new	155971.95	175088.1	177748.42	180326.24
UK	new	89375.69	87918.5	102733.74	85015.1
Belgium	existing	90057.83	73917.9	104413.22	107729.42
France	new	150140.64	167333.44	151185.74	133795.89
Spain	new	55367.66	48753.74	50165.55	49852.05
UK	new	30990.08	27997.94	39853.43	38479.16
Spain	new	77378.21	67000.44	77405.85	86627.66
Netherlands	new	64575.41	60189.84	75579.74	76764.33
France	new	66298.54	73107.44	78408.1	64954.78
France	existing	54385.47	54807.19	62217.14	60944.0
UK	existing	17997.71	15873.13	18450.59	19576.05
France	new	13396.05	15420.62	13509.09	14618.57
Italy	new	197667.25	227679.61	225156.3	221982.89
France	new	91276.9	104807.0	113771.02	98592.17
Spain	existing	83022.06	74347.79	106159.77	84817.41
Spain	new	139132.98	136419.29	131113.68	133619.01
Belgium	existing	51468.24	61452.87	49508.92	59571.02
Spain	new	190492.62	211219.17	243429.47	179160.02
Belgium	new	159405.55	129256.7	190428.12	179640.77
Spain	new	26988.09	22294.37	33821.41	25458.76
Italy	new	89340.35	88051.4	87647.62	98286.18
Switzerland	existing	177032.48	206010.59	200937.95	203380.46
Belgium	existing	189499.08	192432.66	223695.3	177652.65
Germany	new	98806.29	98719.83	115805.39	86354.46
Netherlands	new	126548.16	106577.53	134553.68	114195.73
UK	existing	41736.45	44353.83	37819.82	45592.85
Spain	existing	198322.04	223874.1	224732.67	235959.31
France	existing	54017.62	51433.85	54084.64	46887.23
Switzerland	existing	189119.04	209968.42	204267.8	216287.98
Spain	new	133432.86	158223.44	171198.68	131635.18
France	existing	125469.99	110602.62	132949.77	130665.87
Netherlands	new	107410.82	108413.16	132751.25	131207.02
Netherlands	existing	53827.26	49244.15	52503.98	52900.82
Netherlands	existing	43540.33	48640.72	50897.96	45113.65
France	existing	51892.38	53502.98	66982.83	44392.53
Spain	existing	45423.27	47868.54	42732.27	40092.37
Netherlands	existing	158121.05	176963.65	142835.17	150758.4
Italy	new	76523.8	73339.51	82143.18	65897.77
Belgium	new	20990.11	24475.22	19668.79	23142.65
France	existing	194129.5	196694.25	232829.94	198120.67
France	existing	177919.32	153576.74	225213.74	190241.67
Spain	new	186272.93	200869.21	199984.18	171344.81
France	existing	199032.49	222379.9	199726.05	192737.65
France	existing	43040.1	39885.46	46214.79	48012.51
Netherlands	new	85285.98	97470.93	101437.36	105423.8
Spain	existing	154065.31	179094.34	139216.75	134062.5
Netherlands	existing	142243.92	129550.33	161558.03	171568.03
Belgium	new	39240.22	46829.62	44942.48	42408.97
Switzerland	new	165008.29	141294.06	190597.0	177477.61
Belgium	new	52643.71	46368.91	52475.72	55281.76
Switzerland	existing	52525.35	45890.87	62275.16	46104.53
Netherlands	new	112025.14	129679.84	104917.88	99248.76
Belgium	new	122658.59	130228.71	120169.62	133742.61
Spain	new	120216.38	103487.27	150389.25	118579.45
UK	new	27382.5	26728.86	32735.48	33321.96
Netherlands	new	176717.56	184867.63	160017.44	178950.6
Switzerland	new	60464.01	50389.84	60424.74	54859.76
Italy	existing	34607.84	39901.68	34115.11	39310.61
Switzerland	existing	178862.14	200583.41	180350.73	173020.75
Italy	new	191573.78	191972.77	191386.79	203104.25
France	new	173804.25	206279.69	160770.76	196248.13
Belgium	new	163808.05	158419.48	177498.51	198225.05
Italy	existing	134495.98	160540.34	160466.26	156940.2
Switzerland	existing	114662.9	122364.58	131024.46	128484.87
France	existing	26527.48	27956.48	31014.57	29759.94
UK	existing	87606.11	75900.35	81689.16	107612.7
Spain	existing	80810.82	93156.38	103486.04	78251.51
Spain	existing	59353.22	57631.73	73324.77	50476.64
Spain	existing	147449.82	127528.37	180189.01	141372.21
Italy	existing	104216.39	83898.68	128102.11	97667.07
UK	existing	25398.78	26005.87	32334.79	28312.88
Italy	new	51834.81	52402.91	57935.85	57198.92
Belgium	new	139819.17	152087.11	137038.56	152037.21
Italy	new	24464.86	28283.9	28054.18	20954.09
UK	new	171729.31	142838.02	205586.19	196030.93
UK	existing	104077.84	113715.3	124390.4	101935.1
Belgium	existing	101311.45	88643.95	112311.81	113065.85
UK	new	122557.48	140116.39	113657.78	131459.0
Switzerland	existing	166689.38	187963.18	174764.68	164537.82
UK	new	76083.75	77325.25	96497.53	68766.81
Spain	existing	138823.07	150497.69	157394.76	123242.62
Switzerland	new	117489.07	108764.34	131039.41	138943.44
Switzerland	existing	60735.37	60034.92	61193.4	73936.75
Belgium	existing	176939.7	199703.83	185323.03	196388.07
Germany	new	161510.94	158879.29	203203.12	143966.6
Germany	existing	135105.85	127420.94	157612.49	136566.46
UK	new	171610.53	171213.25	208499.04	195906.41
Switzerland	new	174785.9	197735.24	189072.58	203088.69
Germany	new	144588.97	135058.13	166580.79	129737.87
Germany	new	169032.53	146974.57	168923.24	143679.73
UK	existing	142519.58	154606.04	168484.41	161739.03
Germany	existing	139226.75	157380.7	149117.49	138201.83
Italy	existing	127536.16	107162.9	137358.77	121387.96
France	new	153016.16	137094.77	177457.27	130853.14
Belgium	existing	40134.97	34387.19	51152.51	42788.68
France	new	177365.44	166577.46	164169.9	211146.51
UK	existing	175650.27	172161.92	216031.79	216586.03
Spain	existing	15556.98	17105.37	15820.72	16743.95
Belgium	existing	166905.18	176996.11	179851.64	176215.91
UK	new	34485.27	36153.37	31339.02	30485.76
Switzerland	existing	73672.58	69322.21	75176.86	78796.44
Spain	existing	151266.57	171926.41	166552.43	151567.84
France	new	40544.38	40078.72	37400.99	44309.09
UK	existing	165413.73	197113.94	181365.95	166321.94
Switzerland	new	168105.49	177125.5	213635.9	159047.91
Belgium	existing	106418.87	90509.88	100263.31	94498.48
Belgium	new	11213.32	12003.53	13520.76	10943.83
Netherlands	new	64537.25	60022.33	68659.14	57351.54
Switzerland	existing	127216.11	136697.64	147833.96	117135.35
Italy	new	196425.37	162612.01	197229.66	244536.71
Germany	new	130044.57	113132.61	125336.55	133639.19
Spain	new	59362.68	67809.69	57236.61	63087.61
Switzerland	new	130461.08	116224.1	121093.55	156481.2
Netherlands	new	112597.22	127777.18	109698.82	140546.95
Germany	new	158170.63	144205.81	184377.57	171312.36
Germany	existing	30326.32	32059.55	37989.06	35633.11
UK	new	154595.3	166601.21	189479.77	151623.42
Germany	new	112840.65	113411.84	132480.99	109714.69
Italy	existing	192968.48	177940.92	182195.58	195106.86
Belgium	existing	74955.71	66340.13	76130.64	83875.66
Netherlands	existing	130198.16	105887.01	133312.86	146196.48
Germany	existing	187085.34	172413.84	187082.12	182613.21
UK	existing	29476.85	31282.75	32601.46	26625.97
Italy	existing	188073.41	221046.8	209555.44	207437.17
France	existing	140698.29	161589.42	146713.76	126815.64
Belgium	new	22889.04	25325.03	23839.29	24752.14
Belgium	new	67183.08	74934.59	82730.74	75740.11
Netherlands	existing	144552.7	154092.31	175735.19	163379.91
Belgium	new	22796.61	20610.75	23323.63	26247.76
Germany	new	120612.39	140257.5	152636.83	144631.6
UK	new	75717.78	80888.77	97004.02	79502.43
Belgium	existing	127973.95	131067.88	131902.37	146159.01
Belgium	existing	18690.99	15782.59	19471.71	20516.52
France	new	175591.99	171873.34	193546.91	162362.18
France	existing	194962.9	191871.43	248860.07	167721.88
Spain	new	194086.79	222389.58	242710.92	187064.06
Italy	new	152433.85	155278.16	143444.4	156582.11
Germany	new	34716.39	33055.57	36698.43	38078.41
Belgium	new	154070.01	183454.26	172766.17	183340.81
Switzerland	existing	14671.51	12386.98	16157.04	13622.47
Belgium	existing	14203.47	13763.44	13884.53	12786.25
UK	existing	71485.94	58390.42	88894.68	88313.16
Spain	new	102842.21	112711.12	120405.22	91860.5
Italy	existing	156377.41	182528.5	193151.65	162850.88
Switzerland	new	139826.12	127523.51	173874.58	151603.04
Spain	existing	94721.51	108298.58	113603.52	101025.2
Netherlands	new	61989.07	56836.99	66680.67	54823.93
Italy	new	199453.66	232225.5	228218.61	174085.3
Belgium	new	90974.45	100216.07	87712.67	81166.8
Belgium	existing	95763.53	107443.11	111991.44	103830.18
Italy	existing	41088.53	33166.77	39925.78	43871.78
Belgium	existing	161013.81	190821.35	189606.62	151915.94
Germany	existing	141799.62	154656.36	140642.43	156704.13
Italy	new	51946.23	47889.25	49194.15	61194.06
Spain	existing	25652.4	29032.31	24783.14	22231.18
Italy	existing	139294.87	127121.68	125476.38	146155.42
Switzerland	new	134357.13	154389.98	159548.53	151249.07
Belgium	new	61919.31	52323.81	73867.29	58880.61
Germany	new	190664.08	206198.32	210869.39	185536.81
Germany	existing	38701.0	39331.03	37328.86	42395.21
Netherlands	new	92143.61	77272.9	86008.85	111417.67
Spain	new	189287.02	169744.56	171806.66	222217.24
France	new	89748.19	72243.85	86723.61	97219.91
France	existing	131319.93	129679.37	164982.77	149979.01
Italy	new	85542.94	78742.8	85253.35	85194.69
Netherlands	existing	62100.89	64544.12	64691.03	68707.57
UK	existing	196955.75	180981.68	185559.53	204139.25
Italy	new	87773.46	80748.74	86803.08	81275.98
Netherlands	new	179878.85	197376.98	199249.97	203388.17
Spain	existing	53691.38	43987.05	61374.67	57588.61
Spain	new	50489.89	58626.74	50396.03	50159.11
Spain	new	15915.48	18158.06	14691.47	19329.92
Spain	existing	133816.7	142798.73	141365.72	114864.73
Spain	existing	80020.01	83003.85	79514.39	78124.28
Netherlands	new	174228.07	201568.11	172106.25	152057.99
Netherlands	existing	99909.88	87334.43	128278.8	115556.86
Germany	new	193956.75	161292.04	222375.33	219334.63
Switzerland	new	45249.85	40535.0	50804.33	44459.83
France	new	175038.4	195663.4	186645.2	196089.42
Belgium	existing	157553.4	128227.69	168830.72	158872.89
Spain	new	156475.15	161658.03	174682.91	180337.85
UK	new	170508.81	204299.39	200956.9	175909.41
Belgium	new	154594.56	176590.03	182554.29	156899.86
Netherlands	existing	128981.86	130088.3	124941.83	157859.86
UK	existing	34936.53	28838.58	38431.76	33201.99
UK	existing	16179.97	18324.62	17228.16	14532.51
UK	existing	184961.09	192283.96	230870.43	200464.02
Germany	existing	127163.56	107576.96	146564.6	157393.99
Netherlands	new	161342.09	135130.92	179574.01	161525.32
UK	existing	101489.25	118118.34	96024.85	88784.29
Spain	existing	32288.56	34473.85	36881.77	31827.55
Italy	existing	33785.3	38235.32	31990.68	35554.73
UK	new	140257.4	161519.24	145149.95	128303.15
Germany	existing	91758.12	94392.4	87825.07	102148.89
Belgium	existing	48099.7	48435.37	56605.14	60081.32
Netherlands	new	103402.96	100525.36	101593.5	106577.0
Switzerland	existing	22199.7	20574.21	23459.39	22019.69
Germany	new	120574.57	117420.14	151715.35	121814.28
UK	new	61108.75	67803.33	59992.08	54757.01
Netherlands	new	161536.23	168121.96	178194.17	194378.07
Italy	new	68968.77	79797.51	73638.55	70067.46
UK	new	96491.83	94306.48	87542.18	96965.58
Germany	existing	12207.9	12730.84	14858.27	13598.09
France	new	23764.91	25013.11	22044.77	24402.13
Spain	new	84573.78	87675.85	92160.22	93817.13
Switzerland	existing	101188.38	109390.05	113763.19	88497.18
Belgium	new	124003.9	110980.19	142774.44	145765.26
Germany	existing	65415.89	65739.41	76893.28	80213.07
Netherlands	existing	142046.56	119559.16	142232.49	157601.53
Switzerland	existing	173423.26	165411.89	156773.15	213627.35
Switzerland	new	158171.69	157391.4	188125.84	144026.86
Switzerland	new	17527.58	18594.83	19530.33	18245.62
UK	new	101296.32	119551.18	125044.95	110486.19
Spain	existing	29936.73	31142.0	36778.93	32412.34
UK	new	55988.55	61443.94	69276.34	56581.17
Netherlands	new	197465.89	197960.82	216035.16	194550.06
UK	new	37074.15	39062.87	38314.33	33393.78
France	existing	104788.75	86804.16	127488.43	105490.52
Spain	existing	127449.59	114928.51	137711.53	116624.57
Spain	new	143468.34	135540.46	139648.76	164091.38
Netherlands	new	116333.25	115053.28	144484.69	108600.86
Belgium	new	11856.46	9701.66	14856.43	10355.74
France	new	72027.65	61656.36	78259.76	77137.76
Germany	existing	108365.21	98690.98	100809.98	117911.31
UK	existing	26694.63	31729.59	28166.32	32000.59
Italy	existing	76619.12	71450.3	93583.75	82809.38
UK	existing	16308.59	16191.44	20560.4	16116.02
Switzerland	new	24929.91	21899.41	24465.94	29198.03
UK	new	85415.42	89200.35	79162.11	91062.37
Germany	new	35215.99	32126.61	44053.1	31050.36
UK	existing	117832.76	104022.41	124403.35	126828.14
France	new	140998.34	141933.03	157453.46	171060.23
France	existing	162111.47	130046.2	208674.15	163493.48
Spain	existing	48028.55	38570.08	44504.5	46517.11
Netherlands	new	41821.69	37122.08	48485.02	37948.49
Belgium	new	29867.89	24333.03	27766.45	27197.05
Italy	new	130921.75	110394.57	137492.39	133947.17
Switzerland	existing	144230.39	134933.91	176181.15	156961.88
UK	new	16001.37	17938.08	17175.69	14117.15
UK	existing	187880.33	193294.94	244032.68	230308.86
Germany	new	19874.54	19975.25	22331.5	22896.53
Netherlands	existing	112846.3	103524.69	116058.45	122398.69
France	existing	144721.5	169715.12	142991.29	170970.43
Italy	new	175484.13	168255.24	182540.03	154790.11
Spain	existing	145676.52	121616.16	152816.61	151610.73
France	existing	162328.34	169929.63	150557.18	178891.88
Switzerland	new	74495.54	62988.61	78058.64	88013.59
Netherlands	existing	164816.77	154612.84	178940.81	191745.82
Switzerland	new	25221.82	25296.6	29991.14	24233.82
Belgium	existing	180015.16	206961.45	209302.15	220761.96
Spain	new	114042.55	113748.16	134970.07	102608.45
Belgium	new	165286.58	178658.84	149310.88	198352.73
Germany	existing	95940.47	114852.9	94699.67	118810.39
Switzerland	existing	132279.76	112781.15	154062.76	121811.33
Germany	existing	110016.51	100103.21	120313.59	125289.71
UK	existing	149002.01	142718.66	134418.5	129052.76
Belgium	existing	25509.7	24712.04	31167.7	25820.13
Netherlands	new	21466.9	20702.86	25956.14	22680.07
Switzerland	existing	56949.61	66234.93	63747.55	61634.18
Italy	new	40313.49	43764.85	37353.89	49358.83
Spain	new	175638.88	183219.82	211926.93	196522.39
France	existing	51650.66	47712.25	58545.27	53846.39
Netherlands	new	195414.4	220723.72	236995.46	229391.1
Netherlands	new	74010.2	87481.85	88863.96	91048.32
Germany	new	44602.4	50332.89	54468.49	38305.72
Belgium	new	160042.72	128134.37	177199.82	198934.46
Switzerland	existing	135154.48	142528.58	129225.23	119537.77
Switzerland	new	104657.19	85866.43	122288.05	123051.18
UK	existing	115519.07	104318.67	132637.78	111144.81
UK	existing	146648.34	120810.35	175523.59	132404.66
Spain	new	53406.4	55623.74	51694.85	54791.88
Germany	existing	199303.44	214178.64	194916.79	220745.03
Netherlands	existing	195210.7	165108.24	245216.62	195675.45
Switzerland	existing	133561.88	127356.0	160273.07	116442.74
Italy	new	47913.07	47074.33	60528.17	52214.92
Germany	existing	139243.37	131949.97	167577.46	168618.33
Spain	existing	23717.7	20122.33	27011.19	23795.64
Spain	existing	15823.98	15310.95	18381.98	14819.68
Germany	new	58959.75	64883.51	74032.88	60553.49
Spain	existing	97898.36	81099.3	110774.22	85107.46
Germany	new	174971.78	145589.12	201734.86	206150.88
France	new	148162.12	139555.16	142619.48	174910.76
Germany	new	151114.24	177814.66	164649.31	163989.2
Belgium	new	90843.73	96969.24	107791.43	90048.04
Germany	new	75727.65	81139.75	76362.03	88594.79
Spain	new	80497.36	76051.33	78960.0	86283.09
Switzerland	existing	197653.42	205058.37	202699.65	233304.75
Belgium	new	17620.75	14168.01	17560.84	19428.35
Spain	existing	174735.98	184248.33	172283.57	203351.13
UK	existing	119948.33	139777.56	128337.56	130674.73
UK	new	93336.93	97539.83	117897.18	94798.25
Switzerland	existing	147798.96	169891.87	162996.22	182262.48
Switzerland	existing	102467.1	111647.05	99922.65	109275.58
Belgium	existing	175950.42	149245.26	163772.66	192144.16
France	existing	181133.35	210292.44	213458.85	169938.41
Switzerland	new	90126.98	74496.94	94914.48	99163.14
UK	existing	62597.28	63447.79	76915.3	67520.12
Germany	new	122546.56	105004.61	142620.21	113225.1
Spain	existing	183349.04	147537.79	223410.18	160216.78
UK	existing	50025.82	48465.7	50464.97	54615.38
UK	new	128363.65	117839.92	151076.77	148321.23
France	existing	129996.44	129268.49	130727.64	137713.1
Belgium	existing	149291.47	153901.58	190440.29	140439.84
Belgium	existing	34997.86	28610.6	40406.77	39078.92
Netherlands	new	146006.74	123989.12	150358.43	128784.12
France	existing	182716.18	187002.15	184142.23	187600.82
Germany	new	44139.79	41370.77	43096.79	40403.21
Belgium	existing	55133.23	60187.26	64939.03	50931.17
Spain	new	194565.07	206417.32	192130.33	181124.04
Switzerland	new	44385.62	50521.57	50516.22	44593.47
France	existing	172333.17	185602.33	173342.01	150009.15
Switzerland	existing	103532.79	100631.02	120593.71	104476.74
UK	new	56973.9	60915.73	69848.63	60089.4
Spain	new	175442.48	159679.41	212497.7	183042.25
Spain	existing	94608.0	87278.28	113940.25	94902.58
UK	new	107815.3	120278.11	105129.51	127832.14
France	existing	78254.34	76577.18	73195.51	71065.17
UK	existing	122660.66	137300.47	144688.0	129073.2
Switzerland	existing	41069.54	46366.24	43013.73	35928.31
Netherlands	existing	84305.49	96363.28	90454.61	74059.19
Spain	new	194188.34	226550.62	177189.02	209635.31
Italy	existing	59045.35	57415.35	59271.53	63556.85
Italy	new	134779.97	125014.72	123117.53	161899.51
Switzerland	existing	71786.11	74146.4	89852.83	77037.23
Germany	new	156959.89	148871.59	156545.31	193675.38
Belgium	existing	34866.0	36275.62	39152.25	30315.22
UK	new	194266.0	210241.34	177868.34	172741.92
UK	new	96220.01	103471.34	112263.63	83483.02
Germany	existing	54849.59	52097.3	56451.8	50687.1
Germany	existing	23964.38	20770.98	30175.17	25558.2
Switzerland	existing	42254.0	41079.83	53039.22	46827.1
Switzerland	existing	108757.05	93208.89	112032.4	94426.58
Germany	new	74030.6	85582.25	93307.01	90938.33
Spain	existing	167487.84	157162.38	217476.77	198785.65
Switzerland	new	91868.63	79170.91	113013.69	88988.09
Netherlands	new	57255.71	46387.38	70879.62	50435.12
Switzerland	existing	127257.55	134680.35	127207.09	116816.68
UK	new	144287.67	152189.0	163143.32	129971.12
Switzerland	new	41737.96	39076.82	38687.01	37535.51
Spain	new	41847.65	34678.51	39251.72	44250.74
Germany	new	16967.57	16354.22	22050.33	16091.01
UK	existing	149916.38	138595.74	154512.17	148905.33
Switzerland	existing	136122.86	145766.93	163248.55	169582.15
Spain	existing	100179.87	104418.65	122486.52	112574.69
Netherlands	existing	170392.39	161163.51	211833.41	209513.17
Switzerland	new	163077.33	144675.2	211845.82	147914.83
Spain	new	121217.33	144880.7	120805.02	121563.5
Netherlands	existing	174971.54	171752.18	160298.48	187550.72
Germany	existing	49109.83	52808.28	52276.27	43251.19
Switzerland	existing	31264.73	26769.52	29765.03	26627.39
Netherlands	new	61252.43	60899.36	55676.64	68490.86
UK	existing	20846.5	16906.82	21767.31	23071.4
Germany	existing	110922.21	111164.25	134603.58	112510.12
UK	existing	187955.08	222840.85	211726.19	196574.25
Italy	new	17475.27	16665.86	17914.09	17757.97
France	new	33200.88	27078.58	38570.68	28539.54
Switzerland	new	95917.82	77921.94	95227.91	94397.39
Netherlands	new	187436.25	179038.11	169770.87	172597.47
France	new	70069.66	60540.89	84485.89	62317.83
France	new	106374.61	86093.32	122277.32	131126.72
Netherlands	new	17898.84	19733.21	21566.69	19505.15
Germany	new	38185.21	37551.69	34961.43	43586.99
Switzerland	existing	197459.72	180813.45	243832.71	192749.42
Italy	existing	193372.55	224318.59	221955.04	194776.21
UK	new	10938.6	9259.04	12309.84	10334.46
Spain	new	190844.24	225648.03	219441.41	169619.74
UK	existing	131432.79	121652.44	163735.46	121130.12
Spain	new	174904.48	202077.9	198477.16	204464.32
UK	new	96400.57	100370.07	109162.09	108066.81
Netherlands	new	107963.25	122072.21	139949.7	115388.05
Italy	existing	102880.85	122799.12	123733.98	106999.78
Switzerland	existing	136704.21	125133.86	147219.16	166638.84
Spain	existing	36533.74	43272.54	43217.91	32116.59
Switzerland	existing	15694.98	15001.15	16569.07	15102.34
Switzerland	existing	68506.69	65369.41	67927.82	67819.92
Switzerland	new	143889.34	134702.7	163852.66	167339.03
Belgium	existing	48352.16	49153.02	61468.79	60295.43
Germany	new	137952.16	118867.58	175427.67	130539.74
UK	new	194283.29	198457.39	201425.55	233086.12
Switzerland	existing	27841.14	28305.58	30933.48	32915.16
UK	existing	137794.4	152229.84	135679.86	129507.85
Switzerland	new	94312.54	106899.49	122441.49	95230.49
Spain	new	174947.03	170779.19	226109.79	177373.4
Germany	new	43658.46	40206.53	50635.24	54192.73
Germany	existing	141598.93	127967.76	173000.71	130604.73
Netherlands	existing	169241.91	148568.93	200727.69	197956.03
Belgium	existing	189476.7	155950.51	215484.89	186383.89
Netherlands	existing	139817.13	131005.74	128819.0	159719.84
Netherlands	existing	104463.21	94862.94	113019.35	106344.01
Netherlands	new	127390.98	151157.93	149036.56	137753.46
Netherlands	existing	175091.95	179133.69	205034.89	207141.61
Netherlands	new	118415.85	111181.92	124247.72	138743.85
Italy	new	15773.54	16281.24	20137.71	18874.13
Germany	new	186880.25	159909.45	180702.51	163304.73
Netherlands	existing	141010.08	137853.92	155131.36	158893.01
Switzerland	existing	138537.54	145532.82	162969.13	125514.31
Germany	existing	50978.28	50751.89	60095.97	51810.62
Germany	new	135188.24	129876.9	156744.76	144575.08
France	new	84834.24	101592.34	85692.36	85775.54
Italy	new	133734.27	154078.72	128716.91	141470.08
Netherlands	new	30252.68	31746.02	34922.97	37773.81
UK	new	134990.61	138736.73	153851.61	122043.25
Spain	new	199888.61	209536.07	194240.24	223911.71
Belgium	existing	19160.29	16871.11	22648.53	19321.24
Switzerland	existing	195663.1	187456.03	211720.94	176723.68
UK	existing	87312.51	71228.13	101902.8	79759.52
Italy	existing	175443.16	173727.05	216662.97	215744.08
Spain	new	158653.24	161383.64	153559.1	190675.9
Italy	new	117733.09	104911.94	106861.37	142788.67
Switzerland	existing	150305.35	178203.76	182116.13	187372.62
Germany	new	176917.96	205893.91	202372.73	165122.16
Spain	existing	86786.66	94498.29	102395.75	86107.62
Germany	existing	72136.3	73099.66	89107.23	80625.85
Switzerland	existing	136842.74	157093.78	167102.01	142798.28
UK	new	163490.73	139336.76	209982.27	166328.24
Switzerland	existing	154834.18	172826.52	172543.19	153769.62
UK	existing	161584.59	137335.32	176999.48	175725.22
Spain	existing	92760.83	103677.32	98396.5	100203.72
Spain	new	165388.5	150554.31	159017.14	151261.53
Netherlands	new	32839.72	37793.14	37077.45	34110.48
Italy	existing	113452.93	133604.08	114678.79	121552.19
Netherlands	new	11094.15	9535.63	14073.18	11960.77
Italy	new	71671.31	70601.27	81223.4	66944.08
Netherlands	new	79627.69	94947.66	90547.52	91325.68
Germany	new	85272.81	84706.85	88851.7	73341.41
Spain	new	142138.77	162808.45	130880.77	140992.1
UK	new	83826.04	86801.24	76507.82	97412.99
Italy	new	95251.79	90501.77	101855.98	102448.75
Switzerland	new	55133.38	50409.19	51484.99	52622.88
Italy	new	80917.84	71312.02	92467.95	91273.81
UK	new	53181.23	58750.33	66603.6	57273.86
Netherlands	existing	23907.23	22822.23	29959.73	27935.54
Italy	existing	124655.23	125217.45	145051.09	142606.84
Belgium	new	136960.43	136539.99	134836.55	149840.62
Germany	existing	127703.17	131650.68	159015.83	133484.43
Spain	existing	98063.87	112403.83	123014.98	88578.43
UK	new	82159.3	97958.18	80406.14	78423.78
Spain	new	174033.39	167600.02	207964.76	177103.3
Belgium	new	108625.54	122856.31	110212.32	118371.39
Italy	existing	101044.56	111736.2	123381.08	106650.83
Italy	existing	14871.99	15309.4	19317.16	14355.54
Switzerland	new	74837.09	88488.79	68252.2	63805.04
Belgium	new	82237.17	72384.32	103532.18	86225.32
UK	new	85776.33	72369.98	98561.48	82709.86
Switzerland	existing	120232.75	137255.88	155022.46	137527.43
Germany	existing	111384.48	108673.37	120963.97	95743.7
Switzerland	existing	125501.97	142920.08	155491.31	136035.49
France	existing	155327.82	179750.96	143671.65	190523.5
UK	new	164467.29	135682.72	170077.54	151271.04
France	new	146443.38	168905.73	135724.69	152104.85
Belgium	new	191549.5	187589.72	247125.15	169821.81
Netherlands	new	13464.19	13520.38	16517.73	14814.28
France	existing	47197.82	49587.78	58573.39	50511.71
Germany	existing	11436.95	13387.56	14584.24	11585.02
Switzerland	new	133020.2	107433.29	124246.37	140808.64
Netherlands	new	180625.8	178952.73	190422.77	218309.74
Switzerland	existing	56261.64	60486.26	52234.09	52239.93
France	new	186136.56	202718.12	183217.43	159896.11
Switzerland	existing	21450.8	23102.79	21273.75	25626.54
Belgium	new	187542.85	160119.22	203979.65	202705.1
Netherlands	new	76808.31	70645.08	77378.6	92651.05
Belgium	new	29269.96	27615.8	27525.21	31868.49
France	new	102315.63	114775.1	98938.85	120125.14
Belgium	new	58787.55	53585.08	56371.98	60073.2
Germany	new	64125.85	56705.33	82673.02	73741.13
France	new	68385.09	80898.14	82316.3	83102.7
France	existing	162574.92	130636.32	209250.93	175393.82
France	existing	112440.64	134830.76	120974.46	103705.58
UK	existing	69148.46	74039.23	69933.11	66210.97
Switzerland	existing	125963.42	142513.47	153589.37	117077.69
UK	existing	146068.63	134068.76	150523.95	138581.56
UK	new	61798.56	49792.71	63019.29	60103.19
Germany	new	88574.33	97001.98	87954.52	94956.42
Netherlands	existing	33158.36	37590.23	31562.5	35983.34
Switzerland	new	44418.38	48691.0	44533.21	45333.39
Belgium	existing	139412.39	119495.95	145285.54	152819.44
Italy	existing	44473.29	48981.6	52015.86	39253.46
France	new	109781.04	121590.09	101550.31	97168.88
Belgium	new	144718.79	153896.31	142432.63	132957.75
France	new	30306.62	33532.65	37083.47	32041.1
Germany	existing	117789.32	134087.66	112932.72	110203.44
France	new	58746.93	61416.49	60923.98	56591.73
UK	existing	192956.11	161203.62	240396.99	194909.82
Switzerland	existing	101873.67	101369.51	97999.43	119675.73
Italy	existing	163138.58	135577.9	152223.75	139572.37
Spain	new	114543.04	110306.92	125288.92	127114.31
France	new	18248.38	17570.32	18631.01	20393.49
Belgium	existing	130298.76	107679.41	146633.45	152379.49
UK	new	190766.64	179230.64	233025.64	233326.9
Spain	new	124306.25	104964.1	118694.99	106661.62
Italy	new	165645.88	186069.04	187557.46	150988.45
Spain	existing	177999.23	209874.48	196191.38	214394.47
UK	existing	53335.16	44210.93	51075.43	55116.95
Switzerland	new	50288.52	59443.35	57811.65	54102.21
Switzerland	existing	126086.39	127225.03	127278.68	140612.91
Netherlands	new	88095.41	81032.47	96476.25	98810.16
Switzerland	new	169573.65	140872.43	158196.77	207337.05
Netherlands	new	181004.39	181049.59	196178.64	226034.62
Spain	new	77150.06	86238.82	78892.52	87801.63
Germany	existing	55005.41	59561.76	67599.04	53074.09
Belgium	existing	158299.85	129820.19	146077.75	190260.74
Belgium	existing	62213.15	51584.7	66408.99	54106.05
Spain	new	166296.72	159835.98	180161.3	156723.41
France	new	90510.27	83098.94	107707.44	109422.78
France	new	136834.48	122186.86	154583.97	130331.64
Switzerland	existing	28151.71	25685.67	32849.81	26413.64
Belgium	new	128533.27	144136.32	155630.62	116354.76
Belgium	existing	95835.86	112290.04	119304.26	114393.97
Netherlands	existing	121455.61	116845.29	124558.82	127531.22
Germany	existing	41922.7	48732.81	46752.58	46951.63
UK	existing	150006.01	139295.32	185413.91	141849.67
France	existing	173931.44	172292.1	225376.96	200580.55
Belgium	existing	51180.56	45571.76	64272.94	59062.48
Netherlands	new	28185.77	29769.54	29555.23	27482.23
Italy	new	14491.33	17267.76	14173.49	14698.17
Netherlands	existing	131974.59	137437.97	144612.08	123247.92
France	existing	125347.87	118218.79	149998.35	155509.63
France	new	113872.51	120605.45	124921.29	126198.19
Netherlands	existing	54069.95	45914.49	59113.18	66171.75
UK	existing	84272.14	97373.39	104100.71	81858.1
Spain	new	122950.5	123102.17	128429.36	142961.48
France	existing	104385.7	102270.83	129847.24	120705.72
Netherlands	existing	197679.25	204468.72	210078.07	222717.75
Belgium	existing	35923.55	37716.62	37047.71	44410.69
Netherlands	new	142077.47	117741.07	153670.42	143131.99
Germany	new	86820.57	93162.54	104616.94	78337.07
Spain	new	91357.93	81927.3	86826.65	102200.61
Italy	existing	146343.58	158867.82	143207.1	167083.97
UK	existing	141562.87	159826.45	181282.29	152891.33
Switzerland	new	198338.64	222453.33	192427.48	184995.84
Italy	existing	34394.91	35117.22	38766.19	36175.96
Spain	existing	29780.83	30021.1	33703.73	29032.61
Spain	existing	147624.38	126536.29	161774.15	150722.52
Spain	existing	119893.51	133098.4	138824.47	132852.49
Italy	existing	62090.53	56413.2	61589.5	71285.26
Belgium	new	25089.68	25056.52	28127.16	23656.81
Spain	existing	26275.07	24007.78	27559.11	26593.79
Netherlands	new	179896.27	153547.11	209519.23	172280.29
Italy	existing	46454.79	48862.22	44433.52	43177.53
Switzerland	new	71440.6	58705.09	80610.07	83110.77
Spain	existing	53064.72	58342.44	51690.78	64404.71
Netherlands	new	77449.3	71798.19	78336.65	77301.59
Belgium	existing	23190.53	18553.67	22900.28	26680.97
Germany	new	108621.36	109104.9	105703.26	131301.3
Belgium	existing	22846.39	18705.27	28107.56	27151.78
Switzerland	new	162067.74	147557.46	164382.56	149608.84
Spain	existing	54405.3	58909.55	69140.95	67055.44
Switzerland	new	112602.26	92905.41	145028.4	112677.77
Italy	new	177215.03	201269.38	199987.9	174680.19
France	existing	133666.7	107137.6	127945.83	116954.69
Spain	existing	111261.98	99994.43	116804.97	116209.74
France	new	71623.41	78525.16	87315.59	64003.07
Netherlands	existing	73270.36	67885.58	76710.86	69564.05
Germany	new	137202.52	115353.97	128257.86	134016.27
UK	new	198886.48	187767.45	223292.63	233399.36
Switzerland	new	135749.45	123281.86	168064.38	162925.87
Belgium	existing	115978.85	131877.78	141305.22	112613.9
Germany	new	148823.6	137712.31	144366.22	177617.88
Spain	new	98389.07	109760.19	115027.24	117367.57
France	existing	21427.05	24785.72	21174.25	24766.68
Belgium	existing	116836.4	113743.39	115350.59	106166.67
France	existing	191948.8	223424.04	239864.73	216159.14
Italy	existing	43307.56	41182.34	43301.83	53182.1
France	new	141100.93	167293.69	141848.62	158458.63
Italy	new	48177.4	40262.61	43372.25	47341.37
Netherlands	new	111807.26	120171.3	139565.38	117423.53
Belgium	new	28368.53	28298.34	34525.58	31440.56
Belgium	existing	95570.48	91275.5	109995.08	100753.09
UK	new	153671.03	161828.62	184421.57	137993.69
Spain	new	76038.59	82238.99	73059.35	74124.37
Italy	existing	136333.23	109304.53	147693.8	159640.54
UK	new	161135.49	139669.22	167659.5	192487.17
France	new	186163.79	202028.37	174530.53	168463.34
France	new	54582.0	58214.66	59737.39	67187.97
UK	new	85870.02	101877.82	108908.59	84283.92
Belgium	new	38959.04	43026.95	35687.4	43436.43
France	new	198571.87	234376.18	201865.06	228502.62
Switzerland	existing	186130.18	201209.74	182969.01	218661.73
Netherlands	existing	112591.85	103496.78	112058.01	138296.56
Netherlands	new	169986.33	143153.3	214756.28	165765.2
Switzerland	new	108982.02	121267.51	118488.26	130059.42
UK	existing	128481.28	135889.47	139597.45	115976.81
Switzerland	new	26933.64	22066.04	32434.3	30489.32
Italy	new	153501.38	144908.4	147637.15	176034.02
Italy	new	34265.56	40526.56	37517.57	38414.75
UK	existing	166952.85	166979.64	178972.47	158759.79
Switzerland	new	158585.34	154318.07	180591.32	190178.28
Italy	existing	144661.49	142213.79	188034.34	132733.19
Belgium	new	16870.47	14905.96	20375.81	14701.84
Switzerland	existing	67594.39	64044.53	71592.35	76853.87
Belgium	existing	59991.39	56867.36	73850.67	62402.46
Italy	new	78425.92	64383.13	75938.51	93298.55
Netherlands	existing	26652.12	29504.62	24311.68	26741.64
Italy	new	188021.99	181742.39	184596.11	172474.72
Belgium	existing	115222.43	130071.37	119389.41	136489.83
Germany	new	68049.62	77586.04	75142.59	72783.41
Spain	new	85426.49	75585.16	97903.17	79077.45
France	existing	94968.48	100945.93	120063.17	108088.72
Switzerland	new	124112.92	122736.85	137013.42	130870.3
Germany	new	107979.09	124398.68	118832.1	117883.49
Italy	existing	184684.47	163685.16	169927.66	191030.11
Netherlands	new	104423.06	111850.18	95438.98	123374.13
UK	new	198510.02	207065.97	222423.33	234604.12
Italy	existing	171770.74	157706.25	184700.17	194746.03
Netherlands	existing	49617.0	42404.69	61310.35	44266.33
Spain	new	186813.09	198144.41	180138.6	221474.68
Italy	new	32109.62	35174.13	29219.39	35911.57
Belgium	existing	165315.44	153123.58	178477.11	186609.67
UK	existing	82318.43	87087.39	81906.13	81922.74
Netherlands	new	176815.12	169398.14	162642.64	212480.82
Netherlands	existing	174930.77	189849.35	208139.51	199447.08
Netherlands	new	163125.83	143499.53	154094.73	146003.52
Spain	new	160105.78	185096.05	183053.39	162204.96
Italy	new	67889.04	62116.02	68732.22	81775.89
Spain	new	25374.66	24032.71	24598.16	22047.5
Switzerland	new	86566.23	71264.5	91059.07	106871.78
France	existing	42969.66	36292.38	52447.84	48197.56
France	existing	142040.71	142941.92	150113.94	156607.04
Switzerland	existing	75758.95	68716.18	90934.06	72594.02
Italy	existing	195365.94	221582.5	185635.65	185503.23
Belgium	new	131784.69	106202.3	159342.0	161676.53
Spain	new	166271.31	158230.03	165402.26	161168.27
UK	new	35179.69	32890.84	41193.91	40815.55
Netherlands	new	173782.75	140369.72	195733.7	175042.45
Netherlands	existing	185323.87	157478.47	235668.56	167848.13
Italy	new	102541.76	98999.67	108174.28	87600.0
Belgium	new	125188.06	124830.75	115982.49	133663.66
France	existing	155313.86	149367.81	140972.52	192637.57
France	existing	43219.34	43754.18	53191.92	43117.97
Netherlands	existing	105487.55	109501.63	117080.03	104736.16
Italy	existing	85745.98	68937.16	103761.01	84685.87
Spain	new	37811.06	37268.02	37575.51	40012.33
France	new	79831.54	94632.28	82867.81	81928.39
Spain	existing	22952.74	23127.48	20933.85	27588.41
Belgium	new	14904.26	15962.71	19145.97	15682.39
France	new	35681.59	32996.39	41645.67	37576.39
France	new	192991.87	214143.11	245733.08	174724.93
Germany	existing	114410.61	126900.66	115119.79	142223.35
France	new	193506.21	195154.58	221484.39	183828.8
Switzerland	existing	92174.6	109725.15	107973.33	81053.33
UK	new	69245.07	58873.55	71116.06	77226.15
Switzerland	new	106166.95	85653.27	131566.72	115525.2
Italy	new	93507.22	103611.92	119583.07	95008.78
Italy	existing	30076.29	33771.53	37713.92	30644.04
Spain	new	131757.0	111740.86	157532.2	153368.52
Switzerland	existing	51047.25	46260.71	51608.05	47386.4
Switzerland	existing	127721.71	103074.1	129336.93	150469.12
Switzerland	existing	133538.21	122497.73	171642.55	148160.49
Belgium	new	38884.72	43133.14	35156.21	39568.62
France	new	21656.43	21812.01	25693.62	22375.67
UK	new	158344.7	148723.4	187242.36	150848.49
Spain	new	97362.08	92366.99	111876.41	112048.73
Switzerland	existing	21051.12	16852.29	27283.17	22212.09
Switzerland	existing	199024.6	183086.75	203950.81	194714.09
Germany	existing	20978.31	22207.29	21733.29	22833.21
Spain	new	142056.69	169001.69	132336.57	177328.48
Switzerland	existing	196899.0	224233.37	212083.7	201645.23
Spain	new	55444.22	44878.66	55689.25	67546.39
France	existing	37027.38	42930.44	38410.53	36583.3
Germany	new	33063.14	36808.51	40794.25	28827.52
Spain	new	67622.28	75206.15	86163.89	63003.46
UK	existing	29198.7	28708.11	28448.1	29709.04
UK	existing	141510.65	135737.32	148445.18	132716.33
Italy	existing	21835.44	20114.07	27762.72	18562.11
Germany	existing	106790.2	88238.39	98751.4	129856.95
Germany	new	199372.4	177699.45	186800.82	236765.05
Italy	existing	164654.35	147965.22	158910.61	188844.86
Spain	existing	126891.69	126083.49	144413.55	116375.65
Germany	existing	68188.19	74937.3	65473.54	61242.91
UK	new	128540.21	127193.61	165460.89	112735.15
UK	new	110137.88	90658.65	118804.17	125514.41
Switzerland	existing	90955.84	107611.3	100106.65	111104.67
France	new	34834.97	41003.89	34788.41	35608.81
Germany	existing	178454.8	198812.18	194227.37	160191.07
Spain	new	95459.08	114219.76	111187.44	100705.24
Italy	new	46978.28	47814.16	56396.06	46486.55
Italy	new	79874.28	94659.6	95972.72	79868.69
Spain	new	88684.65	73629.72	100316.21	97422.95
Belgium	existing	167232.2	158247.2	211004.21	190224.49
Netherlands	existing	149386.73	132976.97	183292.01	133587.8
France	existing	156167.93	137167.48	187841.79	134965.96
Italy	new	12095.94	10358.01	11155.39	15092.49
Germany	existing	89069.26	93430.58	80407.38	84000.45
France	existing	101455.39	112872.04	99931.42	88421.64
Germany	existing	13646.53	14073.93	15903.79	12636.01
Belgium	new	59364.51	50981.36	63192.27	51384.92
UK	new	154455.07	173676.93	163871.04	155493.68
France	new	36050.84	38011.35	45201.8	42214.12
Switzerland	existing	111708.92	106711.76	140554.97	110200.6
Italy	existing	50888.36	54432.84	64306.1	52296.61
France	existing	12302.95	11121.4	12617.31	13782.19
France	new	55828.28	52371.22	65677.63	58818.31
France	new	195416.01	228049.38	197107.0	233439.72
Netherlands	existing	162292.05	148692.27	158436.63	194168.52
France	new	192319.56	190010.82	187290.98	164234.03
Germany	new	102692.27	118718.06	106475.77	119248.17
UK	new	30849.88	33413.15	33070.55	31907.83
Belgium	new	114112.3	94129.1	140629.68	142131.0
Spain	existing	96331.69	82741.33	91318.25	100502.16
France	new	170427.85	136876.85	203485.8	212141.49
Italy	new	28635.69	30135.3	31859.55	32983.38
France	new	102765.82	100614.87	104325.61	97570.18
Italy	new	38509.25	32875.73	42249.57	41026.14
Germany	existing	71688.43	84819.86	73120.54	89385.02
Italy	existing	150097.84	151878.58	170876.3	179068.56
Switzerland	new	100443.44	90073.39	107829.81	89288.87
Spain	new	81418.77	81438.43	78631.17	92210.73
UK	new	84950.49	91054.02	80416.96	83950.78
Italy	new	97294.89	80802.99	108841.68	82972.39
Italy	new	159153.14	144810.5	200686.57	160966.27
UK	new	179496.09	201535.73	186242.1	169426.68
Spain	existing	191513.59	188423.7	228514.02	225516.39
France	new	159511.64	162483.48	185586.14	157108.16
Italy	existing	69927.31	68048.11	88991.03	82584.82
UK	existing	140745.59	115067.96	172890.81	119667.41
Switzerland	new	93144.59	80691.15	104940.62	90641.58
Switzerland	existing	58387.42	57115.55	67893.6	55261.71
Germany	existing	169765.6	150017.48	213795.09	160161.44
UK	existing	17301.01	14186.68	18335.74	15177.74
Germany	existing	181334.78	206261.03	186905.0	167707.42
Switzerland	existing	97680.72	116482.01	88335.06	104735.2
Spain	existing	131068.28	146436.97	161295.3	126683.32
France	new	135277.25	154420.87	165091.31	137571.27
UK	existing	180072.37	161487.25	169588.88	180206.84
Belgium	existing	130967.24	155098.06	148090.28	157208.09
Switzerland	existing	126647.38	111293.95	137487.47	153511.77
Switzerland	new	22663.89	26756.35	21473.66	23733.24
Belgium	existing	108497.52	129972.19	140203.46	106551.33
Netherlands	new	38532.11	41795.36	37987.97	34398.4
Switzerland	existing	150112.42	179002.68	139138.25	184842.6
Italy	new	107322.16	110307.42	122126.07	93809.31
Spain	new	139243.28	125850.4	166471.84	134935.11
UK	existing	17917.85	17466.29	16358.59	17366.45
Belgium	existing	26110.48	27087.65	30379.21	25540.24
Italy	new	146101.44	121152.08	162598.74	133787.24
Belgium	existing	23696.02	24855.64	22305.21	27564.74
UK	new	23538.78	28069.32	22809.3	21161.34
Germany	new	12300.61	10775.86	13865.12	13579.41
UK	new	191735.27	214175.59	195290.63	172473.24
Netherlands	new	150126.59	174621.17	191460.39	131843.31
UK	new	77117.77	90804.68	94661.76	93603.37
UK	existing	66341.76	78552.24	85808.22	61435.89
Netherlands	new	76443.61	77099.79	76739.32	90088.8
Spain	new	157184.17	187194.27	202435.83	167849.49
Switzerland	existing	135660.42	149623.14	145494.93	119536.18
UK	new	45187.16	39071.92	46949.8	55678.68
Netherlands	existing	43080.77	42682.71	39640.33	40874.37
Italy	existing	28695.17	31201.19	26431.3	34257.96
Germany	existing	135457.52	121767.66	159407.02	124285.53
Germany	new	155230.81	163961.93	168141.6	184969.49
UK	new	60358.82	64381.14	59791.97	51624.39
Spain	new	13979.54	12093.42	16014.79	14744.39
Spain	existing	25612.62	26279.42	25641.9	29653.7
Italy	new	193893.41	214960.08	219303.67	237309.67
UK	existing	66134.51	66105.3	69023.5	80266.19
Germany	new	156152.4	125677.89	191977.02	183924.1
Spain	existing	128686.08	103414.11	158062.34	155102.31
UK	new	82568.53	77846.58	90077.33	76762.96
Belgium	new	49080.58	57447.72	51059.88	47297.67
Spain	new	33063.42	29475.07	34552.06	31925.62
Netherlands	existing	126852.46	133670.21	155049.96	126956.68
Belgium	existing	157180.42	139706.73	162095.73	158332.28
Switzerland	new	132341.81	122901.6	130174.55	141317.51
Spain	new	110757.41	126176.71	103433.61	101226.95
Germany	existing	17970.73	19615.85	19528.38	20244.0
France	existing	194012.87	162613.77	212027.52	177914.97
Belgium	existing	161755.7	157142.56	199988.84	157570.01
Switzerland	new	65636.19	53274.79	64881.08	69005.82
Italy	existing	196194.36	194694.66	206474.26	229268.06
Italy	new	124357.5	132437.46	152134.28	142487.29
Germany	existing	120660.31	102247.67	148345.75	133717.41
Spain	new	152133.9	139286.8	160325.46	138793.17
UK	existing	164236.26	157524.69	177974.56	175538.69
Spain	existing	134730.94	157340.46	137602.64	119234.0
Germany	existing	34338.19	41113.18	43713.27	34370.65
Italy	existing	74270.83	60750.9	70368.46	75415.09
Spain	existing	186335.89	205789.95	237298.71	161352.83
Italy	new	52676.97	49974.09	61818.88	50548.57
Belgium	existing	80711.73	77239.78	89802.2	99457.82
Switzerland	existing	92094.61	101461.18	84088.24	113410.19
UK	existing	93486.95	109133.91	101923.07	92639.1
Belgium	new	126458.52	149268.03	134437.96	109669.89
Italy	existing	189184.41	195020.57	182466.0	174359.54
Italy	new	55731.62	52546.47	64791.57	56115.45
France	existing	33085.26	36890.71	42629.05	40665.49
France	existing	47519.39	42786.49	53453.4	43075.36
Belgium	new	178515.73	183091.02	211702.04	206258.21
Netherlands	existing	132704.05	125197.17	123067.11	118567.49
Belgium	new	64322.29	68352.24	68636.18	79920.64
France	new	165029.92	147893.14	156207.98	165466.69
Italy	existing	173660.3	152237.08	198861.59	201462.24
Germany	new	170837.72	199418.12	217885.21	168623.05
Belgium	existing	184596.04	155193.85	215001.06	203252.71
Italy	existing	57925.79	58063.84	53912.76	53685.99
Germany	new	153457.97	136323.02	159882.72	139402.51
Germany	new	97502.5	79520.31	109228.67	119462.56
France	new	169979.73	138432.77	180396.62	206875.35
Belgium	new	148413.23	129132.68	183061.43	178836.1
Spain	existing	157525.01	180635.21	193104.93	173304.82
UK	existing	134670.75	122953.25	154161.97	158010.17
France	new	43711.47	51587.56	45870.08	38361.83
France	existing	113555.11	117262.56	113797.5	111728.65
Spain	existing	197087.25	192090.24	185725.12	192254.92
UK	existing	188103.73	194129.73	195996.39	207715.07
Italy	existing	18203.01	18324.59	19391.1	18064.36
Netherlands	new	41314.81	45591.33	48351.93	37571.8
Belgium	new	35028.47	31980.94	40747.36	38131.53
Netherlands	existing	147936.18	139240.51	137291.17	173936.49
Italy	new	165379.21	191449.21	174988.36	165850.44
Switzerland	new	50567.16	59597.58	49187.26	45657.47
France	new	106112.01	122774.07	102156.69	98543.6
UK	existing	169733.58	164264.63	208928.6	160397.1
France	existing	149232.29	165968.12	136811.1	144749.21
Germany	existing	113025.07	111955.21	120673.83	125132.09
France	new	122166.06	122045.84	118168.97	133207.21
France	existing	106588.5	93997.42	133420.25	120277.87
Italy	existing	66534.21	68959.52	74705.69	66201.59
Italy	new	117354.18	102620.87	116480.16	138430.88
Italy	existing	140888.21	131395.99	155113.82	131256.4
Netherlands	existing	175931.35	200915.73	209814.77	182549.24
Germany	new	130895.36	115558.39	167971.1	153196.72
Switzerland	new	154613.09	128091.27	152785.32	142563.08
Switzerland	new	40413.61	33446.43	50697.77	36127.55
Italy	existing	97695.92	114921.06	124437.41	117574.46
UK	existing	11773.01	11805.6	14911.32	11621.98
Netherlands	existing	56868.98	54808.32	65636.23	63895.03
Spain	new	148027.73	166435.19	170517.33	127324.49
UK	new	198443.89	225100.93	210605.38	223451.54
Belgium	existing	28843.84	26907.74	34640.27	28164.29
Belgium	existing	86283.92	92966.37	95992.38	75265.15
UK	new	162013.48	179583.7	189713.77	177230.61
Italy	new	48766.77	51783.5	52247.9	46149.04
Spain	new	115466.14	99374.55	137704.76	116011.47
Spain	new	149283.55	171728.81	183587.21	131702.77
Netherlands	existing	127037.24	129023.83	121774.66	115459.74
Spain	new	45724.7	41746.15	56386.41	44315.96
Belgium	existing	77523.07	75204.45	86524.94	68677.98
Germany	existing	158920.44	129524.68	196722.27	192981.94
Italy	existing	115303.04	98139.8	123664.9	98286.48
Spain	new	10993.63	12161.36	11561.08	11472.34
Netherlands	new	154588.24	123671.31	195712.47	139021.05
Belgium	new	16709.16	16151.51	16716.97	16259.21
Germany	new	151689.42	153055.24	187743.71	185125.38
France	existing	48471.31	39836.33	53008.62	44335.63
France	new	192033.96	228372.79	212320.08	237417.91
Germany	new	79908.74	71154.75	81777.59	74500.34
Belgium	existing	72117.01	66468.77	81435.75	82691.27
Netherlands	new	38288.73	35286.01	39440.63	40918.05
Germany	existing	68064.8	60725.15	62327.47	81935.83
Italy	existing	176563.64	141355.0	178117.3	189205.12
Italy	existing	199303.52	217587.21	179881.71	212023.81
France	existing	79978.81	94913.91	103279.99	74234.99
Spain	existing	95236.02	84733.14	122501.99	87283.03
Netherlands	existing	147193.48	156793.27	155739.85	179074.95
France	existing	178377.2	195636.72	212509.38	175012.16
Spain	existing	122678.42	139776.13	127379.76	122535.24
Spain	new	84389.88	81778.15	98604.28	97379.97
Switzerland	new	88398.15	81429.93	108037.75	87118.98
Italy	new	142167.45	132232.51	181789.87	174983.25
Belgium	new	10611.47	11513.96	11249.06	12151.95
UK	existing	127721.97	143905.85	154967.52	139085.61
Belgium	new	77543.67	67668.14	78037.73	93235.26
UK	existing	160897.49	152591.38	208544.53	139955.45
Germany	new	27668.22	32116.61	25186.6	26362.97
Italy	new	121758.43	136695.44	138976.47	126143.5
Spain	new	101384.85	121047.77	117991.93	95382.0
Netherlands	existing	132041.85	145470.41	155177.99	151526.22
UK	new	22322.18	21368.53	21164.89	27181.34
Belgium	existing	120196.92	124554.68	153300.58	122541.73
Spain	existing	116682.07	124197.06	113470.2	115148.06
UK	new	116525.42	96877.17	133899.52	143864.65
UK	new	124662.66	126881.5	123300.15	128145.86
Switzerland	new	138528.91	150127.7	141699.36	144848.51
UK	existing	162947.91	141264.19	182270.83	161425.97
Netherlands	new	61265.94	68143.21	65363.24	74365.79
Italy	existing	166759.39	172347.35	160771.1	179696.95
Netherlands	existing	104668.58	123601.94	101358.39	120878.59
France	new	24641.07	20130.99	26298.38	28946.42
Spain	new	21124.68	19141.72	25411.16	20844.56
Italy	existing	73505.28	76491.18	92556.81	75231.02
Switzerland	existing	159130.43	146181.03	148572.3	189267.94
Italy	existing	144459.38	156849.61	152728.46	143780.73
Italy	new	159836.84	176396.27	150262.33	186621.35
Belgium	existing	108281.12	91065.11	98171.67	132795.63
Italy	new	93637.81	94156.73	109058.78	102934.56
Switzerland	existing	38015.98	38151.17	43375.46	43591.06
Netherlands	existing	72356.62	68573.26	69839.16	84804.78
Italy	new	92463.68	108475.61	91864.99	109848.32
Germany	existing	26834.08	30349.41	24405.14	27049.33
Spain	new	51916.27	56011.62	64063.58	45193.39
Italy	new	123662.81	134264.5	159509.72	124992.25
Spain	existing	149775.99	147482.39	142913.83	167674.59
Germany	new	199686.03	233312.72	198206.37	205704.6
Germany	new	187291.53	201869.96	233620.68	215307.58
Spain	existing	132087.39	144185.59	167828.33	131135.43
UK	new	90037.13	103063.37	96146.24	99391.78
France	new	130873.7	119046.47	120436.39	121001.62
Belgium	new	159273.81	178837.15	145856.06	183124.71
UK	existing	32483.88	28523.97	36693.14	34701.83
UK	new	87881.93	82445.27	92905.09	81873.07
Netherlands	existing	169562.43	158412.71	154549.54	163926.93
Belgium	existing	82928.26	98801.57	93982.68	95321.35
Belgium	new	118655.73	135577.8	107326.6	123762.73
UK	new	121676.18	131467.21	147830.33	113939.11
Italy	new	45050.49	49142.1	46067.42	55723.33
Netherlands	existing	78824.73	80781.88	72211.59	89548.84
Netherlands	new	73557.14	86711.82	83512.43	90685.21
Germany	new	14977.37	14954.96	15862.14	15289.53
Switzerland	new	14596.44	13898.83	18822.4	15180.88
Belgium	new	168022.44	145375.39	187795.23	203169.72
UK	new	61883.45	68968.01	62508.21	65597.68
Germany	existing	108434.97	118603.74	128362.67	122847.23
Spain	existing	66757.86	63669.78	67331.76	63477.99
France	new	188729.06	152885.14	238118.95	194143.81
Switzerland	new	59266.38	67302.84	62223.11	53302.99
Switzerland	new	91634.79	73726.35	102626.15	85439.55
Switzerland	new	175818.75	190144.45	161793.55	149512.29
Netherlands	existing	169967.38	201938.73	181941.33	147141.78
Spain	new	45359.27	44228.22	55925.5	56286.93
Switzerland	existing	162502.23	145275.26	198619.9	153880.1
Spain	existing	97055.51	105009.05	96058.5	108248.37
Italy	new	101764.09	114672.99	100790.37	120655.56
Switzerland	existing	35361.19	36017.92	43385.43	37845.82
France	existing	25314.29	30043.36	32203.81	23067.84
Spain	existing	148308.47	121711.94	139134.76	169256.53
Spain	existing	104327.62	104527.75	112676.28	113727.6
France	new	93001.63	101128.26	96254.99	106254.38
Switzerland	new	148606.56	170162.86	185501.91	172071.34
France	existing	155447.45	135503.89	145096.2	192780.35
Spain	new	40192.55	45015.71	39567.57	43384.86
France	new	125942.78	128598.01	151255.68	124262.26
Spain	new	35717.28	34239.35	32878.38	39624.24
Spain	new	152761.27	130257.4	167581.28	134029.12
Italy	new	134821.48	154521.37	145181.54	162993.63
UK	existing	191756.78	165468.71	198230.58	172150.11
Spain	new	23102.02	21344.31	24437.99	22666.25
Switzerland	new	20840.4	19090.19	23174.03	24514.52
Germany	new	63615.54	73066.62	61360.17	69272.55
